{
  "damping": 0.5185156490366839,
  "frictionloss": 0.0009004738271636757,
  "armature": 0.007620900472041833,
  "delay_s": 0.014225425391434112,
  "kp": 79.99999999999997,
  "kd": 2.0,
  "torque_limit": 1.6870899501204235,
  "least_squares_cost": 53.35258480550398,
  "stages": [
    {
      "name": "delay",
      "cost": 860.728767229966,
      "nfev": 23,
      "status": 3,
      "message": "`xtol` termination condition is satisfied."
    },
    {
      "name": "torque_limit",
      "cost": 249.56576615808586,
      "nfev": 28,
      "status": 2,
      "message": "`ftol` termination condition is satisfied."
    },
    {
      "name": "armature",
      "cost": 249.557525168363,
      "nfev": 20,
      "status": 3,
      "message": "`xtol` termination condition is satisfied."
    },
    {
      "name": "damping_friction",
      "cost": 53.35258480550398,
      "nfev": 21,
      "status": 3,
      "message": "`xtol` termination condition is satisfied."
    }
  ],
  "metrics": {
    "simulation_finite": true,
    "all": {
      "angle_rmse_rad": 0.6693300720439551,
      "angle_mae_rad": 0.3695410921776923,
      "angle_max_abs_rad": 2.3714564645727445,
      "velocity_rmse_rad_s": 1.433869635757498,
      "velocity_mae_rad_s": 0.9339754637293415,
      "velocity_max_abs_rad_s": 6.0646176139617465,
      "velocity_corr": 0.8792363849634224
    },
    "phases": {
      "large_prbs": {
        "angle_rmse_rad": 1.4568285313863238,
        "angle_mae_rad": 1.3551066027069574,
        "angle_max_abs_rad": 2.3714564645727445,
        "velocity_rmse_rad_s": 1.8380864607380363,
        "velocity_mae_rad_s": 1.442239965008098,
        "velocity_max_abs_rad_s": 6.0646176139617465,
        "velocity_corr": 0.8590760795177844
      },
      "medium_prbs": {
        "angle_rmse_rad": 0.4874325160238728,
        "angle_mae_rad": 0.383711909169372,
        "angle_max_abs_rad": 1.3065409029439738,
        "velocity_rmse_rad_s": 1.7058284924683442,
        "velocity_mae_rad_s": 1.3390415437966976,
        "velocity_max_abs_rad_s": 5.546036372785973,
        "velocity_corr": 0.8750973841643286
      },
      "pulses": {
        "angle_rmse_rad": 0.15013458455243156,
        "angle_mae_rad": 0.09827412893090448,
        "angle_max_abs_rad": 0.7054366030468315,
        "velocity_rmse_rad_s": 1.4080386872350783,
        "velocity_mae_rad_s": 1.076481722973764,
        "velocity_max_abs_rad_s": 5.5941486996791525,
        "velocity_corr": 0.9129642222136634
      },
      "settle": {
        "angle_rmse_rad": 0.015366049169016795,
        "angle_mae_rad": 0.015251416122698043,
        "angle_max_abs_rad": 0.03172337744924192,
        "velocity_rmse_rad_s": 0.06957994924826141,
        "velocity_mae_rad_s": 0.015944059005646143,
        "velocity_max_abs_rad_s": 0.827328214270415,
        "velocity_corr": 0.9799582509953518
      },
      "small_prbs": {
        "angle_rmse_rad": 0.1196271277383712,
        "angle_mae_rad": 0.08945437729828346,
        "angle_max_abs_rad": 0.36500750632850754,
        "velocity_rmse_rad_s": 1.637880461980559,
        "velocity_mae_rad_s": 1.1348485420223322,
        "velocity_max_abs_rad_s": 5.2245951503066825,
        "velocity_corr": 0.8844017672548887
      },
      "sweep": {
        "angle_rmse_rad": 0.19949306766863817,
        "angle_mae_rad": 0.05062502209672324,
        "angle_max_abs_rad": 1.3988465969109227,
        "velocity_rmse_rad_s": 0.48398791512830464,
        "velocity_mae_rad_s": 0.11763713445905999,
        "velocity_max_abs_rad_s": 3.8394249850022204,
        "velocity_corr": 0.8315384518070442
      }
    }
  }
}
